﻿<parameters>
  <parameter name="TimesheetsAdmin_IisWebApplication" description="IIS Web Application content location" defaultValue="Default Web Site/TimesheetsAdmin" tags="IisApp">
    <parameterEntry kind="ProviderPath" scope="IisApp" match="^C:\\Dropbox\\GitHub\\TimeSheets\\TimesheetsCode\\TimesheetsAdmin\\TimesheetsAdmin\\Bin\\Debug\\app\.publish\\$" />
  </parameter>
  <parameter name="LightSwitchApplication_Path" defaultValue="{TimesheetsAdmin_IisWebApplication}" tags="Hidden">
    <parameterEntry kind="ProviderPath" scope="LightSwitchApplication" match="^C:\\Dropbox\\GitHub\\TimeSheets\\TimesheetsCode\\TimesheetsAdmin\\TimesheetsAdmin\\Bin\\Debug\\app\.publish\\$" />
  </parameter>
  <parameter name="Timesheets_Data" description="Configure the ConnectionString" defaultValue="Data Source=TWIST;Initial Catalog=Timesheets_Dev;Integrated Security=True" tags="SqlConnectionString">
    <parameterEntry kind="XmlFile" scope="web.config" match="/configuration/connectionStrings/add[@name='Timesheets_Data']/@connectionString" />
  </parameter>
</parameters>